"","V1","V2","V3","V4","V5","V6","V7","V8","V9","V10","V11","V12","V13","V14","V15"
"1",0.00658482729785084,0.0182467902138847,0.0409412181304842,0.0775345043853076,0.300054795201278,0.412734856338305,0.0147181941786119,0.097703658664122,0.0167654545495059,0.000608102385160304,0.000542402034965087,0.000648297355135243,0.0102516347411923,0.000628377805381494,0.00203688671881594
"2",0.00640688081307006,0.00474940219996543,0.0333456889134675,0.0684318647057567,0.324856023794159,0.427612817385981,0.0204908588063792,0.0892928599835891,0.0128986965639598,0.00043655692774382,0.00105956873482067,0.00137457690304571,0.00610950882876628,0.00099448983747044,0.0019402056018255
"3",0.0296622323464912,0.0201142074486995,0.144952998527996,0.240092124621264,0.143876154614858,0.226529069996297,0.00686921393830836,0.115891572588953,0.0236300818745523,0.00290965234249222,0.00571246350662629,0.00451949948275025,0.0215874273973104,0.00335600963302797,0.010297291680374
"4",0.0385115499118732,0.0184714069268165,0.129038468740784,0.339586531413819,0.136215087635052,0.150153028589677,0.0222352368556272,0.0792257775805432,0.0270544018652226,0.00240968521074034,0.0074273582917016,0.00757557741393024,0.0265272089676831,0.00515355057197108,0.0104151300245602
"5",0.345675743859076,0.00522043560674993,0.103625113909868,0.340796575645771,0.00868840471220161,0.0355793468816106,0.0232069516312469,0.0184074610383816,0.0120320044623921,0.00445449750624559,0.00364070437458817,0.0117087761710035,0.00273078527001616,0.0565226236867665,0.0277105752440828
"6",0.291645443040129,0.0182427168630142,0.0980850650385566,0.305979702754667,0.0350863993953917,0.117005180924887,0.0127871517406353,0.0140089486837546,0.0119204447337627,0.00321819890058863,0.00326720164593623,0.00850424104354892,0.00346247726162677,0.0552194085808083,0.0215674193926924
"7",0.153882327281733,0.00609737906066645,0.154062654581734,0.490126678234526,0.00987222455167669,0.022310943273305,0.00605109115786917,0.0249281814863286,0.0144144102212522,0.0120021151760064,0.00450915904223881,0.0239954368017733,0.011073650819329,0.00666479374074512,0.060008954570817
"8",0.154730058359535,0.00966824462094327,0.151641120438358,0.534605559901989,0.0133857705435122,0.0343286946848273,0.00503327896677516,0.00780597995850796,0.00880143731917008,0.00540803077009114,0.00479407236572124,0.0167307826091588,0.0193587625221072,0.008307568336764,0.0254006386025407
"9",0.11786203172996,0.00442447250520394,0.0409582068259677,0.716848625946427,0.00536162169560813,0.00955103470856738,0.0059079591250912,0.0143189563078774,0.0206155517471347,0.00520351791559951,0.00659616255793188,0.0131986414677277,0.00647169174924955,0.012753493507896,0.0199280322097571
"10",0.128255924162395,0.00554439869760139,0.0245388846443951,0.699558499182133,0.00602185997717695,0.00829524146937969,0.00600570194678962,0.0244779720860508,0.00947643209272782,0.00909286742167335,0.00932731321050618,0.0133613548023684,0.0155071319520493,0.0119683602818069,0.0285680580729472
"11",0.0746847838534479,0.00542640796524462,0.149421703870021,0.571453789750443,0.0112758444053211,0.0377318081982666,0.00817020353454372,0.00736715219089479,0.0127071107603585,0.0168651385661405,0.00466260608312778,0.0167281391676066,0.0364897555898702,0.00892948199820387,0.0380860740665098
"12",0.0326032374639274,0.00549088195867128,0.218220870424887,0.506242118349469,0.00791683492956918,0.00504859205087711,0.00803181837398237,0.00799358304498133,0.0094653231610337,0.0233721666200524,0.00811564691518338,0.0276523464896321,0.0222367707583273,0.0120521727232626,0.105557636736143
"13",0.113522676570979,0.00340461145401755,0.118602832678688,0.580512460631183,0.00852819543403893,0.0230377969429984,0.00470958833411445,0.00927092205296512,0.00781082497210606,0.0163908894907425,0.0152034631768019,0.0100583431764952,0.0280840289127041,0.00624064308070238,0.0546227230914631
"14",0.0072039503888881,0.0450261360023196,0.0194702577868837,0.043083026661585,0.258952009697509,0.505764276908211,0.0340036702126394,0.0430052358147308,0.0163303062356239,0.000504209803614892,0.00032902974783375,0.00138241730063503,0.00393986901243008,0.00160077361414112,0.0194048308129549
"15",0.169917311688592,0.0096727486087321,0.0849870656154751,0.3927320178854,0.0143812475420739,0.0142262097494103,0.017383243041029,0.0204023376054586,0.096654814223563,0.0427550564410197,0.0323817437158287,0.0353604855381649,0.0126154973287536,0.0241794727672916,0.0323507482492073
"16",0.116787785900568,0.0154729681834793,0.0345132462504608,0.523363793749238,0.0144986784791592,0.0150984632045574,0.0169546270920542,0.0144775865325134,0.0787174840142141,0.0142371115016601,0.0438411687191613,0.0304790650133171,0.0127374416553935,0.0305043075447809,0.0383162721594426
"17",0.10864401944556,0.00315429513226047,0.18585683098824,0.607868284970396,0.00333605831627156,0.00374592754077883,0.00703476055059291,0.00588634026964553,0.0189188460662214,0.00310646003185187,0.00647797920980711,0.00595326530454103,0.0216348952509142,0.0100821527653722,0.00829988415754614
"18",0.100805233000436,0.0112950356866679,0.221419278568601,0.517364979447472,0.0068723763362746,0.007983712803808,0.0211740223626367,0.0063341693843157,0.0214313831144269,0.00508702162395255,0.00446991163555256,0.013769790361137,0.0281087216852133,0.0171349631564642,0.0167494008330423
"19",0.139204791232335,0.0107786902780157,0.145228398422049,0.499062000220197,0.0108406911229279,0.0779073334398616,0.0112850290881098,0.00971394949690208,0.0239697713322977,0.00770793870764093,0.00848123593818947,0.0100426614280158,0.00633410141870601,0.0112083730746168,0.0282350348001348
"20",0.148584144948748,0.0071205951677025,0.143806498282632,0.525966886623721,0.00796379258091782,0.0476991233921728,0.0112523226910423,0.025058956083345,0.025217831778611,0.0053713333542495,0.0109658542680711,0.00658771319176143,0.00794167433162691,0.0102980838911802,0.0161651894142177
"21",0.260900945445792,0.0205006922330573,0.13247116584729,0.361263579148853,0.0163188310674524,0.0246550818764403,0.014181349876221,0.0148618406082844,0.0548935551608867,0.00683557483492888,0.0067872736869093,0.012859212159103,0.0147512557903767,0.0128293444925694,0.0458902977718354
"22",0.32409227049309,0.00783110110331218,0.13296466890714,0.341122128444093,0.00877335585594631,0.0412271226846017,0.0152266513088627,0.0141628034420592,0.0674855465790971,0.00341838678760869,0.0102851834018759,0.00382785225826336,0.00233041312065324,0.00878581568736554,0.0184666999260311
"23",0.314794501037344,0.00884731821005577,0.0967245881738253,0.437679532576897,0.00633431933881936,0.0296304013253904,0.00616917332918637,0.00793355139726546,0.0535889447003169,0.00312297199761384,0.00476046676879235,0.00516145365779526,0.00206562018214932,0.0082719952721378,0.0149151620324108
"24",0.0850105364268594,0.00511032960526506,0.0784585896848348,0.62746551247664,0.00616662601578584,0.0167509612267159,0.00680839908249994,0.0204046621502556,0.0294358552468308,0.0174511580978512,0.00559838280475766,0.0178672561754319,0.0328259027079915,0.00956900558197878,0.0410768227163017
"25",0.258997788884541,0.00665645960898598,0.15119033477745,0.367739350017658,0.0147823407193404,0.029883924430712,0.0156003716932195,0.00775186901462835,0.0678988232457458,0.00524982711712893,0.013372262691172,0.0065419504671129,0.0129463844105749,0.00655631878409576,0.0348319941376337
"26",0.264232195217735,0.00373597673117771,0.095905101795469,0.449328191837133,0.016458928428507,0.0413311911937703,0.0123154180076498,0.015310461208838,0.0431957140358825,0.00832611552132653,0.0103316361792399,0.00419710665454327,0.0196277695132535,0.00502241868780507,0.0106817749876688
"27",0.0184421545700012,0.00399229972261168,0.215373313085431,0.533547241076551,0.00461595648514575,0.00704891806933364,0.00587506291749693,0.00764420200718263,0.0256266386662597,0.0646923379112712,0.0023523405948321,0.0146752652799441,0.0281727263399815,0.00561046345332727,0.0623310798206303
"28",0.0245005291003458,0.00487389403631987,0.208010629722355,0.581818702168892,0.00477070073664873,0.00508870165768882,0.0119588188747207,0.0211896631628236,0.0149899936711433,0.0388656718694059,0.00180968499972532,0.0107134355592337,0.0186632173504213,0.00759572718311082,0.0451506299071657
"29",0.0737893527952391,0.0289137879972568,0.0908077539887752,0.263430258816287,0.0277076828411584,0.0274076353541218,0.0305469947163264,0.0225966577588786,0.070918539142407,0.0449339760861208,0.0163952660805428,0.135010923869508,0.0182304241816965,0.03985298117085,0.109457765200833
"30",0.0928171513098181,0.0318621562691636,0.0485793809570813,0.416887163792364,0.0375893934370727,0.0459491173954778,0.0228959651451846,0.0347706111359586,0.0710044006259356,0.0326709837565443,0.0177979555340997,0.0302782536301819,0.0300375724454312,0.0291826304359175,0.0576772641297691
"31",0.0843036608348319,0.0288668215035925,0.230401737567563,0.187078873269397,0.0202443681404572,0.0275127609734784,0.0288186159674387,0.0318934373026114,0.0746309246287997,0.0366298467094565,0.0490648710281,0.068881721020376,0.0249476913410672,0.0294183235800879,0.0773063461327425
"32",0.106990674734891,0.0303492315811068,0.0816815107516328,0.473371450677733,0.0333973587324502,0.0233770017635013,0.0339153740361357,0.0194926389000807,0.036105949154862,0.0145636372854562,0.0242622311046148,0.0243389047108599,0.020681198021328,0.0412469648167521,0.0362258737285954
"33",0.0525163997133476,0.00768903320460127,0.0697252125735483,0.62194163329852,0.0135028814763348,0.0213801269120985,0.0120738412833015,0.0134435502971156,0.0333341226194195,0.0210977521539104,0.0166281410622716,0.0329211573977377,0.0150665034377392,0.0204750460528515,0.0482045985172029
"34",0.075146330400117,0.0123987800158722,0.0998906644977876,0.394678822580382,0.0197180997440743,0.0197112484805171,0.0135470477776924,0.014930563348026,0.0352596782277704,0.026834435132821,0.04087715714106,0.0513055437343661,0.0203192563684392,0.0314486314474053,0.143933741103669
"35",0.0576443331974035,0.00737192596084928,0.111735311066252,0.636695081734992,0.00857410535477175,0.0113302083316644,0.0123213635417947,0.00994194486820929,0.0209936623729876,0.0144384459346478,0.016473205314025,0.0173151352398447,0.0128767201762444,0.0135713241335375,0.048717232772776
"36",0.0884810507514161,0.00793187508705969,0.210960988930863,0.51585719416725,0.00955945742254312,0.0148692765155979,0.00931486393234239,0.0094131548009619,0.0245550962339962,0.0137456338544048,0.0138729348932207,0.0197910338820333,0.00707442305453585,0.0196794205458644,0.0348935959279114
"37",0.06921779137942,0.00705739416005626,0.0303237177201819,0.663208145341338,0.00652787302056417,0.0118082019057447,0.00604215315643197,0.00652667154655779,0.0296485827158656,0.0230947033521352,0.0184118196235254,0.0614426055826332,0.0119552263258522,0.0201804682301568,0.034554645939537
"38",0.0943754905329403,0.00304263064748504,0.0737601267709239,0.500335662212453,0.00442737141808009,0.00903128149433573,0.0106672008837194,0.00950037345268625,0.242012829419356,0.00644684749481778,0.0092291924149758,0.0046848082133716,0.0138952854491255,0.0050405255366292,0.0135503740591011
"39",0.06572710154463,0.0069772957931904,0.0640338662939976,0.692584584959214,0.00767309337711083,0.00660345225694687,0.00703506365459161,0.0107474270979858,0.0716166643111948,0.00611597960537873,0.00686569569958371,0.0118222573008066,0.00950261523360747,0.0193251416319908,0.013369761239771
"40",0.0483964364742721,0.00286901516787162,0.0994104465902036,0.68406116724159,0.00419163556637647,0.00462125404126031,0.00605815661645076,0.0077176447248897,0.0831530440549543,0.0106698068392943,0.00649059069369473,0.0110848365302174,0.00427081342090872,0.0087910594945596,0.0182140925434559
"41",0.039249263593784,0.00423582996299472,0.105173307794995,0.739329247542551,0.00841651028142485,0.0082956402682554,0.00512395147642152,0.00586054588240065,0.00782766357225019,0.00610256439812087,0.0129545898074732,0.0150235682281384,0.00505902420387667,0.0125432437281175,0.0248050492591964
"42",0.0590112790690643,0.00392554469256617,0.0814508821709244,0.731993187638602,0.0053855259817379,0.00544835606042159,0.00572401040126828,0.0160076439458412,0.0192145524836315,0.00610951581284344,0.0178305349194042,0.0136440736159949,0.00679044208198061,0.0124103617636521,0.0150540893620678
"43",0.0566135521618285,0.00247245717096945,0.0681175575966858,0.695297271747666,0.00640916973574537,0.00704207730300509,0.00519427578311883,0.0146667661888923,0.075571001003689,0.00758644201124401,0.0107382401095069,0.0133379218758972,0.00948603381098454,0.0102579266134,0.0172093068873675
"44",0.0685550269802282,0.00681308540189938,0.109788182407895,0.621513529448506,0.00512870245478979,0.00537961288830842,0.00958396400332003,0.0184450367348713,0.118350926136009,0.00589441544572792,0.0027012647469791,0.00624917001171018,0.00309372993858945,0.00700577127934671,0.0114975821218196
"45",0.0922223672700589,0.00747268579562626,0.135769661600852,0.582869094012311,0.00579871440439983,0.00562673654413214,0.012185040604556,0.0141031781845009,0.00936634118217556,0.0290446767130061,0.0063145553133571,0.0429088305536505,0.00740699501639598,0.0295639383285306,0.0193471844764477
"46",0.092708176448265,0.00512027565600849,0.14155115824103,0.574753751460676,0.00497910018853944,0.00628257516149874,0.00667390855722032,0.00912630740101833,0.0324862425301391,0.0255237900997869,0.00871874661688163,0.0270692791042416,0.0322342911727188,0.0109522816826302,0.0218201156793459
"47",0.106256245303534,0.00581213421794457,0.115383935297903,0.559660084895137,0.00774064057005818,0.022365735171556,0.0212325639484826,0.0106722800958151,0.0158688161848618,0.0205508356059352,0.00408633505150987,0.026371729629722,0.0177634087017765,0.0166590496889698,0.0495762056367941
"48",0.12552222377185,0.00914516502445749,0.162359145760019,0.497119632699504,0.0141759943136579,0.0129110143852368,0.0167741759049459,0.0166777484926126,0.0246694102767524,0.0128657551759412,0.0040573851665649,0.0445833051492276,0.0235905865899825,0.0113344198760142,0.024214037413234
"49",0.323025329373251,0.0146093909538736,0.0859993261203199,0.368273192434184,0.0180640627038523,0.022953933806355,0.00824025172205011,0.0237277120074718,0.0564542381404832,0.0135630593834031,0.0130555909639468,0.00962001078404346,0.00565422741132134,0.0105607442771556,0.0261989299182885
"50",0.310414506285698,0.00714248812647187,0.0788706752226954,0.327660109365213,0.0161269443079351,0.0643769410917763,0.0127477866685533,0.024296650356272,0.0426495397658376,0.010397919115904,0.00726848450656246,0.0168767310191613,0.00693654852525801,0.0470563484874311,0.0271783271552303
"51",0.31771378502627,0.0077223614248414,0.123038962701672,0.419570822823705,0.010613326534065,0.0242836891698769,0.00371368218965645,0.00381430846182516,0.0422501497499646,0.0046834351448432,0.00816217636873808,0.00997984952149833,0.00230658973901361,0.00753456882277764,0.0146122923212517
"52",0.336882746187535,0.00727718696018716,0.0890347120030578,0.375733518959373,0.00878337480694479,0.0128461993882183,0.017147838134966,0.0191510757520059,0.0462658900665833,0.0101444332095741,0.0131729939489784,0.0136533704840721,0.00719601024751162,0.0147289902476499,0.0279816596033417
"53",0.0459939699863347,0.0098263058647451,0.0828823359479199,0.51731664726519,0.0115823681917645,0.014427130208676,0.0141469173748737,0.0799701070033935,0.0370053471062977,0.0254213571409734,0.0252513188744567,0.0274010333320742,0.025351598727298,0.0253831266925394,0.0580404362834628
"54",0.0503318078653534,0.010415011416511,0.0672274216983482,0.502898961136816,0.0116440933973687,0.021358864706549,0.0106798675677221,0.0438988129802177,0.0415572795411797,0.0280489766702037,0.00916689581920883,0.0442472794287216,0.0119212889230612,0.0309434272122079,0.115660011636531
"55",0.0067747170750777,0.00443570951035937,0.290677611226992,0.370174096776386,0.00114077774073507,0.0012846555278492,0.00242337096254497,0.00609772430973996,0.0285163116557135,0.0707317493624295,0.00143214839175323,0.0488329302426124,0.042245887446023,0.00173522541024442,0.12349708436154
"56",0.00520034256026628,0.00480479711196549,0.275019378751204,0.404184988093765,0.00142516941701321,0.0018082124633822,0.00340148873260834,0.0157534713924757,0.0228615888522351,0.071808309979422,0.00144865915134675,0.0401488311347838,0.0431173148838499,0.00226290463101946,0.106754542844664
"57",0.00265958159361523,0.00871849343181629,0.639473525121784,0.224876275177549,0.00224732417072988,0.00159090823451818,0.00179530883961989,0.00338518738777009,0.00324346045716046,0.00607407805442768,0.014378991401312,0.0216156884276475,0.00154125341290153,0.00158346652104305,0.0668164577681057
"58",0.00404376818248848,0.0107182202708821,0.564807001470401,0.214693371103231,0.00445931788854936,0.0023830200724302,0.00246685156776876,0.00365001173741908,0.0104776189008757,0.00903793096774677,0.0133614740804363,0.0238318328413164,0.00238865146412517,0.00237391320987531,0.131307016242454
"59",0.0694801816259651,0.0053665984104425,0.146116887883107,0.589693119081946,0.0117424439458348,0.0144197174704914,0.00751774997394245,0.00968114748672963,0.015355300844029,0.0153845149994285,0.00744717509688547,0.0279599118154662,0.0154361117342024,0.0160743001166789,0.0483248395148504
"60",0.0184718735485336,0.0393794087324293,0.0388082740749055,0.0999762112723891,0.210195958316474,0.516902166884171,0.0144723811480765,0.0109464026734905,0.00369374724294976,0.00417372784709102,0.00358666453781666,0.00451573532903695,0.0142822595559357,0.00386622827046251,0.0167289605662378
"61",0.0757639522009529,0.00329701990108454,0.11952800690625,0.645156394163885,0.00897495837499662,0.0122475222637382,0.0115328486926691,0.00877291322238703,0.0251853012229385,0.00855825556248325,0.00591754540606419,0.0213794139480811,0.0214491917383159,0.00891826712463524,0.023318409271519
"62",0.0624598058362781,0.00226172213694987,0.140172923151755,0.674388332134749,0.00508509851361678,0.0105096326431202,0.0163219881965108,0.00518234921035715,0.0173147588008593,0.00595842880185523,0.00316010316623681,0.0104788799315304,0.00727983571930487,0.0219942925427609,0.0174318492141155
"63",0.048616167896748,0.00328938685716299,0.25884475585682,0.526535916615505,0.00455141887088126,0.00895987221743017,0.00558564613865762,0.0144738518300696,0.0151452929527152,0.0144014620648188,0.0111055450470379,0.0214811988627386,0.00889386725749039,0.0106556081988239,0.0474600093331006
"64",0.122956870810707,0.00807111477252017,0.0671520903795651,0.491110519959227,0.00985729403732497,0.0173960222662416,0.0072561158288343,0.0112257293467018,0.19911938177924,0.00702669344739717,0.00383798987406367,0.00993451653694971,0.00808663563344164,0.0127269928490044,0.024242032478781
"65",0.100495887726746,0.00325821319652242,0.0714994372789185,0.490769014215961,0.00584971582397235,0.0122122360630105,0.0111344219041733,0.0164749514517123,0.223335453720577,0.00670801172646285,0.00437015892189464,0.00941582165561331,0.0182587294838187,0.00973892979621871,0.0164790170343996
"66",0.121514797207788,0.00510261696983823,0.0894629250170693,0.567602344189371,0.00819963323936991,0.0305997866301733,0.00788290933333334,0.0139098090603708,0.0822450688183514,0.00667911618374741,0.0118200464267484,0.00773931939210798,0.0222617801665679,0.00923603832309448,0.0157438090420683
"67",0.134713852778279,0.00478354707498493,0.100997870305121,0.596082719597865,0.0100416071491656,0.021961278853855,0.0111263592663188,0.014568189894076,0.0353271628627891,0.00455724358125336,0.00230398432151131,0.00959312905138379,0.024033784406908,0.00926754062595435,0.0206417302305346
"68",0.0964776117332158,0.00910454457968249,0.247035681177509,0.461664780728671,0.0149253565893046,0.015216916350538,0.0108850509670075,0.0233507440564958,0.0423338141215686,0.00817489300262536,0.00448473056879789,0.00933733415728288,0.0249734494265318,0.00891107443784198,0.0231240181029267
"69",0.105629587279177,0.00812289150328075,0.246244043547638,0.461318553770576,0.00823397363549979,0.0109409932405004,0.014586618157257,0.0123312875156642,0.0160962751753136,0.0129553291891744,0.00612453031409476,0.0211152369152714,0.023746098424247,0.0216614884230187,0.0308930929092873
"70",0.132151897262192,0.00402568014076923,0.136232209220104,0.441967733060609,0.00683919112232223,0.0253098055970759,0.0151534937174833,0.0135241095213287,0.111417883222114,0.0088304374821151,0.00540385201586491,0.0194536035994544,0.0235771706234952,0.0089408743710348,0.0471720590440372
"71",0.101508566459984,0.00384908886063739,0.120891577707708,0.523060782575431,0.00638298690866941,0.0183042666342976,0.0121536033973043,0.0088189059508438,0.148770604828243,0.0122206694201321,0.00214718375135093,0.00963745777365435,0.00800933303958795,0.00907378929384359,0.0151711833983119
"72",0.111872551442361,0.00779367699797474,0.143362526081493,0.575176746440334,0.0164116065989981,0.0169566160299306,0.022009007712399,0.0095394342645367,0.0512341258035151,0.00440442986718551,0.00658456689930627,0.00598153741104898,0.0080656598018472,0.0089598925567524,0.011647622092318
"73",0.103969164439466,0.00923382616940889,0.101745545607563,0.604676387309993,0.00800145994802315,0.0111902519848149,0.0114795724168477,0.00701325251403378,0.0947956183679587,0.00544577603725304,0.00372066239995415,0.00529836996503223,0.0101450041031292,0.00590174680620654,0.0173833619303162
"74",0.0595408882473385,0.00487477613416033,0.113107198920112,0.653393259790834,0.00706104041902407,0.0063899387860235,0.00782193109372529,0.019639226182932,0.0183014051026814,0.0179360771169241,0.0152794217244772,0.0250538536650625,0.00760201118104983,0.0121620943780718,0.0318368772575837
"75",0.0850080831091211,0.00997250908169068,0.101736555965198,0.582625593598442,0.00948784440158215,0.0125223390701131,0.00380937735029745,0.0297468446358641,0.0268034738574295,0.0170874536338925,0.0247162272286099,0.0332183846558764,0.00658337118239348,0.00916670019368775,0.0475152420358011
"76",0.0379042780589614,0.0061843456856699,0.0954617457111312,0.629753920154274,0.00845164414040819,0.0139556708284873,0.0061607943062804,0.0244493750409759,0.019998692248429,0.0160091031110634,0.0399203473071548,0.0177259441355152,0.0100957436930318,0.0119598059663628,0.0619685896122549
"77",0.0747713232975852,0.0170430323422364,0.112213876924792,0.582509108092843,0.0170915176471757,0.0146082232429803,0.00938546783863114,0.0244687991006443,0.0203106182144491,0.0233122461241601,0.0101725864387144,0.0262141701986125,0.0080228490931561,0.0224768742320404,0.0373993072119797
"78",0.0699533573467452,0.00392912113241192,0.0532466256595474,0.667170351051542,0.00649249856640167,0.0160903779450231,0.0049861879236436,0.00836452899302821,0.0422224291328634,0.0153386617133172,0.0166656201273192,0.0455857353268828,0.00681448440160488,0.014200549810157,0.0289394708695122
"79",0.104291471296067,0.011648197284106,0.0386383198117902,0.545868371592148,0.0126832591652488,0.0195117835186182,0.00792666209734672,0.0115265149004185,0.0656179325103719,0.030622157093683,0.00801787812530685,0.0217443374538425,0.0230696932425054,0.0528704195463444,0.0459630023622016
"80",0.0591864782143466,0.00511102099503775,0.0539419852690652,0.764510601941487,0.00834085463856743,0.00821056933703251,0.00569510976764835,0.00659982382152673,0.0081990037969357,0.00688946424228782,0.0140067861783749,0.0265636127345365,0.00727773530097062,0.00607443343197802,0.0193925203302049
"81",0.0824573338851642,0.0153102967085585,0.0994131955818765,0.639101421227219,0.0108230979716585,0.0148494129105217,0.00857883349555949,0.01355638005653,0.0311629148720412,0.00820219304867564,0.0164072853293314,0.00944631294837308,0.0145102104834744,0.0109580402038087,0.0252230712772074
"82",0.0422932343160684,0.00421791715023939,0.0726597161846076,0.245134132825215,0.00523995235424368,0.0150272373994116,0.0146291456682782,0.00592567182231299,0.00816387709952273,0.00795391429549415,0.00193961770904656,0.0586619217570035,0.0131683646406749,0.00947247606879657,0.495512820709085
"83",0.0353587384323611,0.00321785037579401,0.0853317459577874,0.256191749629068,0.00636706536393127,0.0218504842652814,0.00923975590705436,0.00866882265295769,0.00993524123583172,0.0105741445987607,0.0014904857383104,0.0322214198858404,0.0110560378325649,0.010018974976186,0.498477483148271
"84",0.0950075657922566,0.00858079417926054,0.0556409546192907,0.614539844416354,0.0100810193750702,0.0287481519039705,0.0126006173170271,0.0268383329782645,0.0178242590028651,0.0102880257031816,0.0131922736591797,0.0202254803562486,0.0193684286524671,0.0128630747712032,0.0542011772733605
"85",0.113115418451475,0.00592478267938414,0.0721565489740286,0.639705839836898,0.00579864590307053,0.00747891105055327,0.0214324770611907,0.0102543343207855,0.0191183194382995,0.0236291784542539,0.0047230392150422,0.025498123007004,0.00864324835707778,0.0226268165330348,0.0198943167179021
"86",0.117686381439043,0.00282074742284061,0.0528401429690936,0.636190795912193,0.00456542403210544,0.00893960044759238,0.0094661169343916,0.0153750414557059,0.0118057300715979,0.0143286667590161,0.00320552733850063,0.0467796494301206,0.0268857313469595,0.0216258999956961,0.0274845444451431
"87",0.125113382025125,0.0091443395221193,0.0643692578024067,0.57624172672996,0.0119365026536472,0.0119076069036412,0.0121428835407975,0.0121331712380694,0.0255577047702577,0.0156099908259317,0.00709499642181432,0.0418050206380201,0.0312934852764538,0.0173559666060098,0.0382939650457455
"88",0.102706688458399,0.00894654315669055,0.0313190771919659,0.594173749759239,0.0119760240331297,0.0134943788569207,0.0134276311605553,0.0211829642462047,0.0534792714810425,0.0166163547363605,0.0104672782761128,0.0279962657379208,0.0199621943201819,0.0165008100857397,0.0577507684995364
"89",0.368874606869741,0.00860470277666218,0.121049326196673,0.321789254712864,0.0168513180876614,0.0276715177451238,0.0117997947354192,0.00795890794953498,0.0394077776203974,0.0107102558997338,0.0084816464667082,0.0106551907453364,0.00523463891241002,0.0085753622522075,0.0323356990295267
"90",0.199054731619305,0.0084340473791742,0.158136021613156,0.350409484351301,0.0130586221917196,0.0302562147098195,0.0224544296760115,0.0213527943867228,0.119480318539576,0.013306448974478,0.00544168343213789,0.0125171016505113,0.00933599926539868,0.012864217435074,0.0238978847756141
"91",0.0794995456402104,0.0174635129437113,0.147961019378897,0.398543866652925,0.0100616180945626,0.0343029196269935,0.00958285647223758,0.00590824903937241,0.0859373287269383,0.00382937346638176,0.0242477426024414,0.125225379087903,0.011715437966408,0.0168225601789222,0.0288985901220945
"92",0.0884411974542281,0.0144161044572681,0.193481416934276,0.381535787044085,0.0152974321508481,0.0290147701641706,0.00668350430470459,0.00626819442344376,0.0731799297762125,0.00516490326703986,0.0272077620897352,0.0974271644550676,0.0171944416032084,0.0137821146332077,0.0309052772425036
"93",0.115466811408948,0.011677662782302,0.14641310731556,0.522566804953575,0.00888186386654621,0.0150369574283499,0.0129617668786408,0.0141281539088796,0.0230552089452099,0.00671484100299006,0.0196490259470568,0.0179031497406385,0.0309486009880616,0.0165874979594137,0.0380085468738284
"94",0.0890211928431205,0.00814813826499814,0.173052545241938,0.583621884377533,0.00897593078838509,0.0119414102554629,0.0135381945484351,0.00777970790150543,0.0102154642020857,0.00778095037168104,0.00743778004508165,0.0156690078083415,0.0203991135751632,0.0153425771885938,0.0270761025876747
"95",0.0113089571287289,0.0144846644824261,0.369264926278813,0.419784501889065,0.00641132824992337,0.00520779967878846,0.00352525066575233,0.00858574900045458,0.0219662804996053,0.0171150245136174,0.00254986406125634,0.0210622131600068,0.00177802954121522,0.00386862838696755,0.0930867824633802
"96",0.0146842406503895,0.0140121561661548,0.35011693491241,0.453293657489297,0.00382839957829264,0.00356356401854428,0.00226468509645298,0.00560407760264288,0.0258939931649839,0.00721405646022413,0.00436230464346068,0.00923385958466061,0.00244984241709275,0.00368827637987181,0.0997899518355217
"97",0.110950116908792,0.00814775462568572,0.193409700000679,0.476139540384466,0.00786868494599102,0.0122715814576005,0.0109093500590969,0.0156822992637956,0.0554354752348113,0.00784204264354416,0.0125445113002689,0.0208244678971663,0.0160491959075791,0.0122028556066635,0.0397224237638604
"98",0.110620804361114,0.00745466862998164,0.146943266039097,0.522414440764841,0.0131589622710057,0.0276218186501595,0.00754450790014753,0.0110574533011633,0.0457698686457098,0.00773185045603399,0.00687927391817018,0.0217311548698278,0.0153448493527854,0.0139759653874961,0.0417511154524666
"99",0.0215639860112544,0.0513537692742339,0.0359259700093103,0.0823458575958513,0.187712234571002,0.529724059433006,0.0133342806472665,0.0314092574890661,0.0178365628072637,0.00181146496833273,0.00477963345671863,0.00299936402272173,0.00277392109952562,0.0036467588834463,0.0127828797310017
"100",0.107880166953884,0.00875317074103337,0.164680961410322,0.576996820885641,0.00811161786738943,0.0112714998313583,0.0203069273056076,0.00592892920352059,0.0145814783771921,0.00846281998988042,0.020240562733249,0.0138115804300064,0.00921048691875183,0.0107190842346552,0.0190438931175087
"101",0.0770701124114055,0.0110403411563799,0.160375632713497,0.576008995650002,0.0124856453861697,0.02786229235804,0.0235993499559976,0.00843384491961454,0.0141927211237821,0.00855612887512496,0.00455946228129721,0.0216421579036523,0.00890840894756426,0.0164866173865596,0.0287782889309129
"102",0.130861964886473,0.00340417533271566,0.0338463181313991,0.758862158453729,0.00410862872954135,0.00765910721002532,0.0027541227071325,0.00511514957693855,0.00972438631736794,0.00404157080611197,0.00317961819121607,0.0132511816478158,0.00209728476813934,0.00375492239439507,0.0173394108469995
"103",0.113937727748045,0.00178977589402132,0.0432589312609482,0.771805295048618,0.00226764483281473,0.0119388297116313,0.00238422395067879,0.00613491242636282,0.0111348145097228,0.00265906199112184,0.00186049529721336,0.0115538668898339,0.000943426011957661,0.00286773348078152,0.0154632609462483
"104",0.342455013422927,0.00729181604391073,0.142401891093241,0.389203559612579,0.0130656970093337,0.00988056186750271,0.0124844874536322,0.00860232270283358,0.03631537956027,0.00696792196803373,0.00546155117004932,0.00491175527415576,0.00354598860655397,0.00615376947319487,0.0112582847417828
"105",0.346630129073869,0.00512324375302975,0.13797114882642,0.340886335115667,0.019742226701645,0.0280852704386153,0.00546311351019973,0.0249607105697339,0.0262975352895111,0.00668496941599318,0.00539108494882634,0.0101525509016112,0.00146361723543396,0.0111992903107493,0.0299487739086949
"106",0.0783820027967578,0.0237949228411807,0.193679644004325,0.49422208421726,0.00946135396501313,0.0128846992117709,0.0541644777873754,0.0100837339103605,0.0317451798892039,0.0091142200419143,0.0107002327437239,0.0182281998220301,0.0131662085630564,0.0193238800200199,0.0210491601860082
"107",0.0320095775409755,0.018592500389272,0.243919326494307,0.45740966630952,0.0151681200633746,0.014576580940614,0.0208429592544383,0.00961049908258354,0.0544359026118682,0.00801705444185395,0.0312968551324862,0.0137744748899185,0.0278028898455011,0.022074567310106,0.0304690256931807
"108",0.338059780770296,0.0309238975387074,0.0862916384616063,0.189184855950026,0.0284001770554519,0.0434238017983282,0.016804539295505,0.0162264154850733,0.0513314079333793,0.0539812564259983,0.0176017931399345,0.0202938386169123,0.0131174705844427,0.0178613948884789,0.0764977320558596
"109",0.2927520461303,0.034627905143365,0.093553099539255,0.294554569982937,0.0369497984640003,0.0220862470658723,0.0140786048323182,0.0131197138714167,0.0302084213935798,0.0197199453385153,0.0169946714448922,0.0412536793313888,0.0156064261132675,0.0174451275684462,0.057049743780446
"110",0.304898911958528,0.0169864978565252,0.189428510788081,0.254970491228656,0.0147526625620719,0.0192727815257304,0.0254596564133077,0.015762470778666,0.0521705760680504,0.016509823693503,0.0111746425736159,0.0143366783790185,0.00843090426296466,0.0164264482200132,0.0394189436912671
"111",0.353975031650117,0.0151197521971697,0.14552614673275,0.30291063787351,0.00749366349156607,0.00841708277712344,0.00947055687243763,0.01686171578049,0.0406434891132951,0.0103552358398444,0.0124372244344328,0.0146604461633161,0.00781620519712262,0.0214819364087196,0.0328308754681052
"112",0.101563861318476,0.0295429513557764,0.158942206103014,0.337410550597809,0.0259390861449522,0.02241673967616,0.0580434594725099,0.0474339838855418,0.0218518372812296,0.0303062835916724,0.0125232453667212,0.0284950226619995,0.0313667220351343,0.0309843206144505,0.0631797298945537
"113",0.0937819640322251,0.0118758801065971,0.25105151955822,0.264909154504562,0.0186281801612426,0.0403742005444273,0.0308788609776562,0.0329401188826355,0.0466682065783017,0.0291062434027502,0.0106122468301839,0.0427236312391246,0.0212049760803332,0.0402110864664285,0.0650337306353127
"114",0.121946526933388,0.0259873405776197,0.279485483776682,0.254955865676066,0.0318996817415606,0.0352292994244644,0.0199194727313479,0.0212416960358762,0.0437151105330151,0.0146894895394904,0.016634966521028,0.0279159560778812,0.0119628061524376,0.0401281949389896,0.0542881093401532
"115",0.0807426642261098,0.0263445998277405,0.121790510672694,0.358307225982452,0.0290635099278045,0.0254276245265422,0.0194233574251325,0.0265443300867837,0.0848000166800822,0.0317146393822693,0.0270491579327751,0.0396497076320555,0.0237764089769136,0.0270970746993535,0.0782691720212917
"116",0.0969606802160983,0.0161124566659218,0.137396171054275,0.505242319576979,0.0232432799688109,0.0241224114914044,0.0197005285922286,0.020823841237882,0.0297040033007641,0.017738244591659,0.0289457593404804,0.0190770000608505,0.0128740816168218,0.0119380668049574,0.0361211554808674
"117",0.0942148908416365,0.0177323188527575,0.0657985189262472,0.520085757168969,0.0179927408394954,0.0174237296893079,0.0233659694711521,0.0281714335241898,0.0225038247630331,0.0286646112174684,0.0163176534454479,0.0261779374616745,0.0283732124734436,0.0146836047025803,0.0784937966225972
"118",0.0872373422728077,0.0166684944255899,0.106965783374076,0.537015094544387,0.0322731555540038,0.0244488056117633,0.0417765816364633,0.013804757282793,0.0274893407229134,0.0172478406238467,0.0114597191338967,0.016591931734354,0.00949923229873599,0.0295209680581629,0.0280009527262063
"119",0.106289725918255,0.0120954596082307,0.068617502816935,0.490597298548313,0.0191627733142762,0.0484752349619753,0.0135674020680193,0.0168024640837532,0.0171396350402551,0.0199843592793819,0.0259855168020682,0.0270018821803839,0.0164356952085343,0.0117338930539243,0.106111157115695
"120",0.13409070546896,0.0211225672385451,0.0871134846342708,0.455190353688865,0.0175015715591869,0.0413426088385987,0.0152519590301817,0.0392580302954629,0.0154176887763709,0.0249452883367639,0.0225489329854044,0.0198428337657479,0.0209522340458771,0.0143404202349654,0.0710813211007998
"121",0.097359136062774,0.023003185008689,0.284839564437469,0.364973423025023,0.0296617030641461,0.0139185248741761,0.0114533512036936,0.0175743973997377,0.0280347935827556,0.0200023248247968,0.0146240038966495,0.0250749613523368,0.00921852825009597,0.0126208986014058,0.0476412044162511
"122",0.117936461619779,0.0108810035274776,0.0896883296886846,0.504065938592224,0.00981544594801735,0.01310697144147,0.0228602017789803,0.0265604772958811,0.0521483035320569,0.0155626124632079,0.0214777164080096,0.0271285400625705,0.026724751333867,0.022399508424468,0.0396437378833067
"123",0.0756330949322612,0.0201657123944628,0.155263499299305,0.434962688422979,0.0272765935045588,0.0324982433580404,0.0168331352737793,0.0289654830786528,0.0320637016550631,0.0211913612965622,0.0290776879102299,0.0252755159647341,0.0207471989250965,0.0180417970018344,0.0620042869824406
"124",0.117140666077029,0.00780490542414045,0.135142050688177,0.446824095224209,0.0130608404724468,0.0238351975273826,0.0152847596312736,0.0343235782356554,0.0205146769926181,0.0281538835044768,0.0192887220725516,0.0272534050204367,0.0268716887077492,0.0275863018885812,0.0569152285332719
"125",0.111798622005089,0.00789108667097923,0.178013293825325,0.23071195317682,0.0136055804674928,0.0291334265365739,0.0176799129807385,0.0225162974402332,0.0754792903454543,0.0449179469593377,0.0518281575615645,0.0646986925958771,0.0315985793990197,0.0354972158089932,0.0846299442265031
"126",0.153587052003895,0.0183858130361508,0.102611927997056,0.365125884085254,0.0290548273237302,0.0473626575116833,0.0197318540515452,0.0248557266949754,0.0284658724943778,0.0271039039983345,0.014565842236364,0.0336171259460513,0.0274218566467542,0.020766433060552,0.0873432229132769
"127",0.0926434616095646,0.00821508036988031,0.0962935886967433,0.157488409510495,0.0103001474212232,0.017935297966874,0.0414292710379372,0.0118085588041733,0.412537117095093,0.0131911876601848,0.0140846140898885,0.0275803327148135,0.0134023070582113,0.0284651126213048,0.054625513343613
"128",0.0606609812607042,0.00762265466568212,0.0828036869873635,0.148867602198515,0.0111669551793719,0.0255980161503337,0.0119427353585316,0.0203408908289311,0.519772986976953,0.013539946911236,0.00979689822242778,0.015146803996422,0.0149240475067908,0.0161458945109719,0.0416698992457656
"129",0.210131888759777,0.0217435343350746,0.135001268327157,0.29979897744969,0.0196858060793449,0.0249962563155718,0.0152753329099726,0.027000472126351,0.092039655536456,0.0229617629306118,0.0182988378050986,0.0306882526429373,0.0101652761183294,0.0159302054733844,0.0562824731902437
"130",0.144167950576316,0.0174062244672562,0.109129242917553,0.332623707407736,0.0200734032557863,0.0364417935016577,0.00956363070163227,0.0132507475845185,0.179805272738047,0.0155231832598314,0.0163153640456428,0.0193378316813418,0.0126181513175314,0.0206989505461914,0.0530445459989576
"131",0.0959520148940387,0.0173587580741934,0.155459683170425,0.412689633333993,0.0108479571933932,0.0167649406472112,0.0489814250642946,0.0110141935957756,0.072571803328299,0.0129289403735851,0.0152936790057432,0.0249627110666576,0.0362129616721468,0.0185533068181526,0.0504079917620902
"132",0.131229704739204,0.0136464112542026,0.203331848696979,0.360208128766508,0.0145579293250989,0.0113331570375944,0.0200146112898024,0.0201920991957354,0.037100542982622,0.0273651023125535,0.01522800601933,0.0262745880874023,0.0452887076746276,0.0155205563651105,0.0587086062532293
"133",0.197340222762727,0.00858769275701405,0.0917233982462624,0.414277924244745,0.0172103810313575,0.0206726107293113,0.0285818773444793,0.0197443732633076,0.0301668762618954,0.0274656090923273,0.0232062397416138,0.0345756697507125,0.0134003427378826,0.0305722683188851,0.0424745137174795
"134",0.157961299628371,0.0100948090747515,0.100955424878776,0.382870900403228,0.0137878416239934,0.0400872172182377,0.0257009738842233,0.0110821989752943,0.0934177780435133,0.0160768179443666,0.0207460292746863,0.0167916415781639,0.0271051439635707,0.024900025353674,0.0584218981551507
"135",0.0228592287542723,0.0118894918559202,0.162258906278297,0.583123661966406,0.0174238269681363,0.0168125536953207,0.0210061967183394,0.0208607614125774,0.032348830087966,0.0137327923524435,0.0137888863318577,0.0182672505097711,0.011675114617208,0.0250831675137391,0.0288693309377446
"136",0.0716922960955998,0.00762934919273277,0.224154667355035,0.431205028523132,0.0112037699787341,0.019984403960429,0.0136215583169692,0.013624520995896,0.0760909026668879,0.015413920290838,0.0176735408854894,0.0234696317947393,0.0100528993538497,0.0130311719001275,0.0511523386895403
"137",0.123589450017622,0.0123951459926449,0.0781890399338735,0.347010284785372,0.0188551459147732,0.0585516313766098,0.0211477564838984,0.014528048708273,0.122906231546053,0.025806566749397,0.0134200609522553,0.0427574808927461,0.0278403297539779,0.0306951469940628,0.0623076798984414
"138",0.0716545633876737,0.00496214853911713,0.0642011667842369,0.223908715393766,0.00638864610402088,0.0162723257047213,0.010155419347024,0.0138827241998089,0.499395423996276,0.0217380974483898,0.00420841969501431,0.0157133888326012,0.00913013628051879,0.0105906080109326,0.0277982162758988
"139",0.185768144533139,0.0196367898962687,0.0932639780638177,0.105772943908256,0.0246352235860316,0.0212775646245316,0.0221514661319877,0.0514630728228952,0.213029248233704,0.0253168986670467,0.0401772245094805,0.0510304643599031,0.0317221403743038,0.0488819568403633,0.0658728834482711
"140",0.0857186185650509,0.0172878619502075,0.168460729649987,0.216855182357464,0.0191545360504056,0.0352785013037182,0.0176610282467898,0.024375809699368,0.172387535985011,0.0306205570426893,0.0124116090731047,0.0446946765431103,0.0129516032749208,0.0240343212442383,0.118107429013934
"141",0.161859523779468,0.0242270602150378,0.0548339325718004,0.205006879981772,0.0292822920394776,0.0563899528966545,0.0223262592229698,0.0457963743926888,0.114836035876271,0.0415270115865521,0.0213529054622454,0.0424236560219766,0.0361301271099196,0.0281124011964268,0.115895587646739
"142",0.197080779005956,0.0152538872848635,0.133683845965542,0.274628536798632,0.0351886722595388,0.0412770745676889,0.0307263979792532,0.0190585127434749,0.03657744020442,0.0251628174418671,0.0151174088014877,0.0481310727302734,0.0227937413174472,0.029840144300593,0.0754796685989613
"143",0.206182444256852,0.0092981552665536,0.0330126328632437,0.399683891517799,0.0213715100485343,0.0508835279685411,0.0370717604304589,0.0215065830488832,0.0386671891470753,0.0321461504733249,0.0139632347226994,0.0270222969899561,0.0185059022636226,0.0337505219057854,0.056934199096671
"144",0.177184939976789,0.0131527922581139,0.0276066692624877,0.32781846972029,0.0322289238144909,0.14100772820065,0.0367447397000166,0.0206880121217795,0.0233162226237742,0.0282022610110258,0.0091641024829846,0.0258318299385714,0.0574003671822758,0.02196044426186,0.0576924974448906
"145",0.205074825260754,0.0147096510275796,0.0340128357945821,0.390326443147502,0.0196803006661816,0.0393156653645922,0.0297920136066128,0.0291158897094744,0.0460952855003677,0.0291734550575698,0.0212589118325957,0.0385088039891162,0.015619482667543,0.0322711816174743,0.0550452547580547
"146",0.244254126967301,0.0183782663794174,0.190696688670207,0.354267364738653,0.0135082487118889,0.0368666787868149,0.00893761361531671,0.021361407389413,0.0145165195208941,0.00640590349027617,0.0225215173691165,0.0179633480298855,0.00421023995325008,0.00797955651385185,0.0381325198637136
"147",0.246394575205873,0.00972779202825267,0.115472053849727,0.483085196850066,0.026187416001528,0.024530193871894,0.0130731746115852,0.0163438970231607,0.00878977573684189,0.00648959757981569,0.00619397989661778,0.00787421893911495,0.00698748346850072,0.0101860533282921,0.0186645916087306
"148",0.111452790924598,0.0098678412904607,0.240682334683707,0.443422557416327,0.00632272504390727,0.00633993384071473,0.0134102705913643,0.0145144024774282,0.0135050428990386,0.0233453116357805,0.00623146718508127,0.0339564776225198,0.0152116553122809,0.019309046258994,0.0424281428177979
"149",0.0948522593164942,0.00388375673568968,0.107669431875254,0.608117135354853,0.00331487842824136,0.00415478583581287,0.0043201568031656,0.019535355121165,0.0284571030565591,0.0199091544222328,0.00583212075224147,0.0441332777059652,0.0205257697637005,0.00841944566638266,0.0268753691622434
"150",0.133458308650811,0.00815572136066701,0.120950927485849,0.528243568763226,0.0111745016688764,0.0196496367812517,0.0142890189756366,0.00777254548580445,0.0380916645901093,0.0212735933502074,0.00809284675489334,0.0165035910720509,0.0214619302612911,0.0132234334825407,0.0376587113167844
"151",0.14396923133758,0.00655799779967641,0.0861968185538464,0.534483492036872,0.00913302020522086,0.014615427831512,0.0160141416860211,0.0124175172366815,0.0265483868509426,0.0305891711482977,0.00653395007236151,0.0329973399871029,0.0155191470823543,0.0237902244722367,0.040634133699294
"152",0.151468968807737,0.00773322262130215,0.110958387378689,0.525993348308296,0.00856373104514615,0.0139397008935215,0.0266428870201341,0.0267992163543978,0.0368871020274179,0.00987555157726086,0.0193213451414238,0.0117190020251142,0.00782513648937902,0.00892288339120722,0.0333495169189735
"153",0.15291693822995,0.0100383861123309,0.101306640461681,0.528942059008007,0.0230534859625426,0.0190109546973578,0.0064830538952368,0.0299048498058891,0.0297739962670193,0.0083790454839867,0.00627193699647149,0.0237400535096575,0.0167455237317415,0.0112220142757362,0.0322110615623921
"154",0.25395521459651,0.0115653515585767,0.0879381959424862,0.40485324760655,0.0146902845916808,0.0164049733378187,0.0153919091166025,0.0344269235543568,0.0575881475192916,0.00941271532522995,0.0200908189464137,0.0104658664114269,0.0334372391965455,0.0111955660145449,0.0185835462819665
"155",0.36806547148249,0.0107296343756393,0.114808936125228,0.377134921807982,0.0125708958193742,0.0324778787056501,0.00483669357169767,0.0109368439211013,0.0240990053054471,0.00324528787472207,0.0056201527694668,0.00691603462117448,0.00646036768631152,0.00555291412012472,0.0165449618135905
"156",0.0722697397428712,0.00692319498318312,0.0888404216121668,0.582740869142489,0.0104400642039821,0.0180855593336296,0.0204858350875907,0.0154966014816709,0.0208045022718325,0.0184722901225445,0.0075981266191439,0.0277617062346699,0.0224162276797443,0.0213092614627708,0.0663556000217111
"157",0.0631846543770574,0.0107451742279501,0.113665195261691,0.52892101349375,0.0159912962562343,0.0254649906007373,0.0143143830259805,0.0457630851465114,0.0413798808510081,0.0221949705164712,0.0123886616791546,0.0181663473015175,0.0155105697438426,0.0143008163091989,0.058008961208894
"158",0.102352689579851,0.00868255830569773,0.136305068842164,0.558184832232214,0.00721063120792064,0.0157953291636753,0.0172944888883066,0.0207288162229263,0.0382456919134566,0.00726870978115392,0.00454169071511858,0.0140023445321195,0.0326315664597861,0.0178530034569466,0.0189025786986639
"159",0.0829133918633425,0.013310174093981,0.101160945568404,0.487055716189971,0.0173595746961921,0.0285645381611241,0.0154457302304148,0.0184778099856437,0.13889912542708,0.00947300089209093,0.00755317677575526,0.0152033477803336,0.0175452150755117,0.0200844130352859,0.02695384022487
"160",0.102177763256866,0.00672847823571209,0.11678950652117,0.543795862183357,0.011786781215561,0.0685911587304645,0.00840716058720963,0.0111510715373772,0.0233110730193595,0.0104208126290756,0.0130592514358289,0.0206675425814308,0.00817124831481245,0.0145116043218219,0.0404306854299533
"161",0.0882277836717689,0.0468426048005818,0.0846572070071557,0.485832905072274,0.0120185266383235,0.00887333188297857,0.00590991169894788,0.00700491950051818,0.0161359061056867,0.0549936514662663,0.0627273130421414,0.0461303006600289,0.0101089445964863,0.012648120790517,0.0578885730663247
"162",0.0750462223622032,0.00364949765793886,0.0788709223882163,0.579484080718566,0.00673519423580926,0.00687114425197257,0.00580132065484061,0.00930305598389458,0.0124781829498361,0.032289671460138,0.00383181319900022,0.0463792803144191,0.0153684816327586,0.00888222999598139,0.115008902194425
"163",0.0313833747622794,0.00447821280276962,0.110208260071875,0.608156522422993,0.00498010597440851,0.00767802443972962,0.013036617262823,0.00717217194318814,0.0388072934485241,0.0172759654233315,0.0103893065700713,0.0283898497056871,0.0143706277873804,0.0135129611133589,0.0901607062715805
"164",0.0711036581858837,0.00540215266358318,0.270543931225579,0.534553121966357,0.00695263861482319,0.0133085550634285,0.0135781768537082,0.00410253933851626,0.0128633525133372,0.00294069134478728,0.00331343053961741,0.00797946320039719,0.0334324627202184,0.00669829593747931,0.0132275298322838
"165",0.120237140407424,0.00480124397174162,0.322363488584636,0.433997794319915,0.00797362971701266,0.0108512221003258,0.0255654335258965,0.0085233897039665,0.0155763359882401,0.00330673169450244,0.00318323309856415,0.00591751852870377,0.0184246763761717,0.010254391007942,0.00902377097495738
"166",0.0319455305248989,0.0751481013883128,0.0187705542856608,0.112628335176633,0.17035882581425,0.53342891041665,0.0131593778235238,0.0159352189772042,0.00546340804515023,0.00175067084135918,0.0025600895838402,0.00281831978743242,0.00280985302500349,0.00245282432257415,0.0107699799875068
"167",0.0279039440748824,0.0795080622350495,0.0152891722231756,0.0957713723846337,0.132417219947261,0.575162547534191,0.0294331626551261,0.0176766622163585,0.00395492806301367,0.00203438618743799,0.000935844424060509,0.00311470273897083,0.00457929892147321,0.00277379610870351,0.00944490028566258
"168",0.103623483886296,0.0172430691819218,0.159339214705939,0.482820879452944,0.0320251342408025,0.0343450495314177,0.030257080298296,0.0236672720542978,0.0268484611207457,0.00732960263690126,0.0150193049279111,0.0167988875208547,0.0147920990201539,0.014134469228876,0.0217559921926424
"169",0.0913824490696171,0.0116011774056887,0.142905687877067,0.551033062667659,0.0144022791492871,0.0413514262477983,0.0179951669473726,0.0134411076089221,0.0337945106389122,0.00480006235927919,0.0128152301644962,0.0148028907294674,0.0128007624381811,0.0104418226333042,0.0264323640629477
"170",0.0786524774526983,0.00813278647102818,0.103528101706525,0.304701545754958,0.00803332289886688,0.0147175323929855,0.00769284703250042,0.0148887658905538,0.427101486045362,0.00454276120053691,0.00245206564176083,0.00421083051718664,0.00822107894726233,0.00399806039915437,0.00912633764862102
"171",0.0842088685853325,0.00318691096815448,0.0891397970867815,0.361967625786596,0.00520289497016381,0.00850702078055592,0.00986447588314189,0.01670986991021,0.375359123826357,0.00709317167285483,0.00261105111428204,0.00389308280903122,0.0175400874463996,0.00587198102725842,0.00884403813288028
"172",0.0929592364270604,0.00452120940933928,0.0925224980055382,0.545232479950558,0.00557255014545083,0.0172009573120138,0.00508572949008292,0.0112412368772519,0.164286392463737,0.00572394001515017,0.00793285253623208,0.00678350367167517,0.0120026718564632,0.00649925418401976,0.0224354876554275
"173",0.0781929749681209,0.00750798331470976,0.115819071864918,0.476295852555656,0.00836141599846502,0.00869789479920536,0.014622965375534,0.00935700261485982,0.234036555731504,0.0054396051812503,0.00423461625626882,0.00658970613061649,0.00886982371282915,0.00649490570208956,0.0154796257939727
"174",0.225140555620903,0.00543272015922415,0.0877008209718566,0.432249885611663,0.0083112769710585,0.0219584746702456,0.0241786076813608,0.00847468827395404,0.100467506118415,0.00546346015934542,0.00789024817691666,0.00844970973681925,0.0290243360418085,0.0108365729455955,0.0244211368608331
"175",0.196062074916988,0.00394072152012169,0.183241367815383,0.386737340140222,0.011838819414131,0.0360721825284995,0.0197205173240663,0.0175158611147835,0.0904116547187322,0.00608749462806803,0.00450919424479648,0.00682200846809313,0.0150411683489036,0.00670837000170856,0.0152912248155027
"176",0.0783374551350966,0.00584889335489162,0.115136915364372,0.662687211597898,0.0113078148832275,0.013119205022609,0.00370878162572531,0.0117833453389884,0.0110974366521069,0.00696421396192315,0.0160291004359045,0.0167121805289999,0.00550642066989109,0.00744362045257427,0.0343174049757918
"177",0.099447961020854,0.00493222364055922,0.120004000551192,0.633617683354505,0.00558757640840106,0.00938586164642947,0.00657345008081609,0.0103812358986247,0.0121453623268466,0.00697382831131863,0.0178374090569596,0.0168516856093068,0.00677559285431991,0.0147668245230292,0.0347193047168375
"178",0.0788645861369074,0.0037735220583362,0.101694261073236,0.5869409009597,0.00677346923171127,0.0307018366147396,0.0102648021652392,0.0214178455161918,0.0190319756887237,0.0177313665863737,0.0119353711871597,0.0436917466469688,0.0104853831030261,0.0131628103504624,0.0435301226812234
"179",0.134677566295656,0.00416706413010266,0.0723739393709861,0.571326041825096,0.0128410732789842,0.0250752156698409,0.0159836274872828,0.0269279905244476,0.0814567858268199,0.00823819947141225,0.00427082612364548,0.00856488387861892,0.00637394878959521,0.0131116795363646,0.014611157791147
"180",0.101884066447396,0.00489578386233594,0.117186340276884,0.483137518281095,0.0100171643722709,0.0200353780349885,0.0091874028981171,0.0162524646409292,0.172274412986945,0.0069990242697645,0.00303855369827551,0.00689799938778513,0.0118723525083955,0.0111454644966499,0.0251760738381676
"181",0.117557573031384,0.00680540256228669,0.0765137324402439,0.653122885323558,0.0102869780170873,0.018937330449658,0.00747276576540008,0.0151393535870964,0.020675469076309,0.00492975112356347,0.0124409871968971,0.0119770019851027,0.00851651175718541,0.0107876963282502,0.0248365613559776
"182",0.119882264135398,0.00565059974415461,0.138475109392785,0.571384656866555,0.00613171716796183,0.0173256930912177,0.02234349446696,0.00755328291099241,0.0274384300404429,0.00694345891962484,0.00695263031530255,0.00966102976328624,0.0128300990340725,0.00925039838161686,0.0381771357696299
"183",0.081058635775459,0.00670334939030042,0.16034483911005,0.534091062555904,0.00970138720934433,0.019959808089644,0.0181775228580656,0.0212947012043655,0.0607919443891792,0.00519670559604106,0.00585246762343316,0.00939804434592623,0.0252120799612541,0.0106670754094178,0.0315503764816156
"184",0.111054388848898,0.00449858702804055,0.126684464238444,0.537472282154223,0.0111244406818509,0.0318100560105335,0.00585045683654999,0.00826973954171181,0.0706832875438216,0.00610782334217145,0.00906900180724425,0.0133989102236162,0.0235489002807828,0.0113268156341407,0.0291008458279712
"185",0.154695799553799,0.00508045755929739,0.112009053793609,0.518644510214509,0.00869584497515515,0.0242545713953156,0.00892902623373108,0.0147101960547241,0.0609365100141517,0.00842567497106833,0.0103080667964959,0.017793163048855,0.0124720622950472,0.0114043875742291,0.0316406755200127
"186",0.127116476409898,0.0105036571103285,0.107537984883265,0.478979680358467,0.0144037078943379,0.0218307712744009,0.014801022395672,0.0195549474731875,0.0157028846307558,0.0272227026127175,0.0154804088722452,0.0357034498120071,0.0300776027946666,0.0266743110087243,0.054410392469327
"187",0.143585262435223,0.00624540388605852,0.0210132581817253,0.655705842343712,0.0113090687263265,0.0282002329748529,0.00686625104155294,0.00700592138709121,0.0171284751139119,0.0114738883178374,0.0108328481389882,0.0152544781349355,0.00629421770429118,0.00919923346432172,0.0498856181491727
"188",0.0514343737653865,0.0108759412008139,0.231463983932936,0.392230250649154,0.0112235394962961,0.0143737544705263,0.00926789048012824,0.0122864047325686,0.0190951175494666,0.0254762745677801,0.018543611459543,0.0654429425906359,0.00722612706463894,0.0383286198744874,0.0927311681656386
"189",0.0332223554388165,0.00701812112769955,0.149609316879568,0.504538260045441,0.00850939341359272,0.0118291775859156,0.0239096097957683,0.0168458498183378,0.0221667893799382,0.0486925370586906,0.0132049939446976,0.0409682798523437,0.0110386458581519,0.0134246695233872,0.0950220002776515
"190",0.0391042441263585,0.0111736618000456,0.204069738026933,0.52605242292312,0.0173601015532977,0.0199793882856106,0.0102392840841905,0.0247281780740076,0.0170803888061133,0.0191696311403665,0.00978101387469748,0.0209951977748421,0.00905696328378095,0.0133781035520275,0.0578316826946087
"191",0.053607687015662,0.016298327460732,0.164599832365539,0.459455279334175,0.0206048867483741,0.0302842820026623,0.0213111859685528,0.017457235778812,0.0260838518111669,0.0273417642661692,0.0196753945980063,0.0447605821546248,0.0145991976331289,0.0246612468148987,0.0592592460474953
"192",0.0720633152851912,0.0260986457729948,0.119683962201721,0.454989382836661,0.032319912046952,0.022823497917888,0.021329755141135,0.0152107199076584,0.037264333454692,0.0171337766039163,0.0227425944035843,0.0412936219363546,0.0145218842447107,0.0365914907465221,0.0659331075000188
"193",0.03369140634366,0.0206002794300104,0.280419547626104,0.314206277676187,0.0183306247096252,0.0163732208947588,0.028920634301669,0.0260573207759993,0.0627995955142289,0.0415050156790987,0.0130734696036654,0.0374650486446916,0.0135382921357999,0.0403313619285611,0.0526879047359411
"194",0.113380460572079,0.0164662702462975,0.109380881093196,0.258272848105482,0.0158134061477593,0.0324673065503255,0.0327996642045222,0.0572869411117391,0.0465395167388884,0.0405142156151539,0.0222168018595592,0.0608963196730532,0.0368264864520593,0.0253818684963972,0.131757013133488
"195",0.0475075137114118,0.0060835370629559,0.115381188200859,0.626489797519997,0.010762530992399,0.0159892169277577,0.0103039565660986,0.0216254271256074,0.0165953997942436,0.0217087239586418,0.0118659733519627,0.0180907658582507,0.0163325197144889,0.0130131657749366,0.0482502834403893
"196",0.299540949201783,0.00700165138596597,0.0674854156226303,0.221175914392724,0.0139460490167343,0.0190389563611362,0.0290532620443007,0.0249371759252759,0.0602595238729996,0.022492961563734,0.00733484042314383,0.0230678157480943,0.00716230175649667,0.165454989004924,0.032048193680057
"197",0.274049343490667,0.00419117849462788,0.0816821581296181,0.329178148489496,0.00996960186919881,0.0237013959172592,0.0194801224320272,0.01652768746916,0.0259926377963451,0.00839747099006284,0.00575041935537231,0.0182929308670406,0.00762060061682342,0.142353418396939,0.0328128856853631
"198",0.0175917873260553,0.00538086537815394,0.125555882419826,0.12191650557005,0.00755621818834556,0.0196143055107637,0.00976909794882131,0.0152233564593055,0.0100947450286003,0.0348286309008811,0.00407599462825812,0.0255993587286189,0.0122690460984258,0.0124211450446146,0.57810306076928
"199",0.0147172272024193,0.0153108812515129,0.0440156239418352,0.121297093589029,0.0178941894135935,0.00929033507824571,0.00771368818476005,0.00911554960037343,0.00565517204182432,0.0520847215854581,0.0048104630428292,0.0325760076987675,0.00670868937001299,0.00536360987901182,0.653446748120327
"200",0.0748505428085686,0.00956667127394903,0.123450273459893,0.430294961162656,0.0148125732604132,0.0195884714788688,0.0251947080021745,0.0214508817187144,0.0771391269834102,0.0175142944569288,0.0135053733567338,0.0478821151526615,0.028798924694237,0.0366450917030932,0.059305990487698
"201",0.140490615829427,0.00687297156420147,0.240217921578839,0.254336300708856,0.0173961157085466,0.0811864147797036,0.0212936562087184,0.0275466766091464,0.0421566126208046,0.0142033488532477,0.0187589438117007,0.0229360037156938,0.0168011692839617,0.0245742695881373,0.0712289791390156
"202",0.381463380667718,0.0165321202776623,0.0882595654260575,0.316401994860293,0.0120292194702273,0.0152120529241631,0.0103245560535445,0.0132357965324193,0.03969219799145,0.0113559420972485,0.00830514332556648,0.026382406304044,0.00739823584332646,0.0216794398350956,0.0317279483911841
"203",0.386704747757866,0.0215891136228293,0.0529235345468591,0.213854066040306,0.0161889489392918,0.04325298091354,0.00750387241343743,0.0154692959457624,0.021651028529098,0.0122622514968858,0.0187589824702106,0.0508189678254567,0.00763731548669614,0.0201273910243186,0.111257502987442
"204",0.059098441326499,0.0174229763856719,0.121299168603807,0.488856478029372,0.00950575769554639,0.00718349074933225,0.00835939539995566,0.024849383017657,0.0543753194479162,0.0597556636932417,0.0377876083829715,0.0296075755706442,0.0228095048945592,0.0122916453382115,0.0467975914646146
"205",0.102326405543071,0.0166934730182385,0.150135557685039,0.310732593799173,0.0238609929713434,0.0271502185760499,0.0189951776177389,0.0280526512965173,0.072617192007807,0.0383647986936134,0.0233899812935063,0.0480464642993481,0.0336345035493639,0.0383391607138172,0.0676608289353729
"206",0.0245668376762933,0.00343591004607313,0.560071495278569,0.263281811114021,0.00373048331960444,0.00483205556250968,0.00635411846539891,0.00854203033501838,0.00551670585785779,0.0306410988655559,0.0142912892395482,0.0130176313740535,0.00669828250539189,0.00423763638959474,0.0507826139705102
"207",0.0357531041885931,0.0078791027471466,0.619872396845181,0.194005031917738,0.00666667044851007,0.00671961852357312,0.0100049548023052,0.0163451138706818,0.00891033073992158,0.0176221792634736,0.0185824059324998,0.00794517228741188,0.00745643957810822,0.0068588546485499,0.0353786242063061
"208",0.0715204056353718,0.0105126052955293,0.235927037756636,0.42282376769396,0.024702855754807,0.0414484670542076,0.0216291534994766,0.0167645478333193,0.0273457352981911,0.0104322817442864,0.00987012799334403,0.0260690044857037,0.0149271923244191,0.0188474562685022,0.0471793613622458
"209",0.0871679723929705,0.00653150716502869,0.149091445686698,0.506746751258883,0.00960060562648704,0.0168336658736228,0.030834201608998,0.0146638149627106,0.0144838276074294,0.0230925035262996,0.0253978454178951,0.0178259015374752,0.0206953056640953,0.0140842242046501,0.0629504274667565
"210",0.0238531694657049,0.01961823101824,0.145249678584295,0.505824095204948,0.0199871107618251,0.0167921251308343,0.043877832975032,0.0266084189723481,0.0735912312327791,0.0124743595080438,0.01231107118824,0.0183517717218824,0.0125976632382076,0.02197473365184,0.04688850734578
"211",0.00991343481289416,0.00561421064258532,0.241584540339502,0.360422441577272,0.00656904582408562,0.00988913467622806,0.00757641737514769,0.0102166414157497,0.0240590094939092,0.125605327047988,0.00437710405321097,0.0698130438927556,0.0258852886507946,0.0113470173419197,0.0871273428559573
"212",0.0162533835694573,0.00570036359123354,0.240814996522979,0.244414049469171,0.00498726304467345,0.00744033120905741,0.0201007538442077,0.0124456170370561,0.0230198459355298,0.152933630397747,0.0095626279099514,0.15135494552365,0.0175240307223588,0.0155852283521038,0.0778629328708245
"213",0.0571386393521892,0.00383345891130063,0.0800600165854034,0.373995863301781,0.00693988197208827,0.00971501991151023,0.0236427229617989,0.0178484389326713,0.324325474446136,0.0240565344711321,0.00383770275435612,0.0134668258826509,0.015502163050483,0.00730985308000612,0.0383274043864925
"214",0.0712722372467739,0.00341140076044372,0.128375051405722,0.350316181705925,0.00464817374849679,0.0116326953648841,0.00918721269367744,0.00912944359612851,0.339251270661478,0.0102605273678081,0.003845248809297,0.0109438993149442,0.0130020790804197,0.00636372957169796,0.0283608486723038
"215",0.0915450849929182,0.0089726891392791,0.120660520669422,0.339563754921966,0.00654381458707464,0.0059035534909561,0.0174353799047551,0.0359665778815284,0.28454700282372,0.0104875756458398,0.00316745665116989,0.0223659036279475,0.0112780015735723,0.0201259652706426,0.0214367188192086
"216",0.112744036197352,0.0127870227521853,0.148146238426064,0.349348503791776,0.0115235204176362,0.0184999032217358,0.018354249595869,0.0217437739930491,0.166264260296543,0.0134159659876358,0.0028472865814228,0.0126805078725133,0.0210579812168528,0.0146585832633802,0.0759281663859846
"217",0.0930697838997977,0.0128422067961738,0.316330424669565,0.400642565002885,0.00812222177356782,0.0115354296416553,0.00805238401719369,0.00976380985781097,0.0121226838413997,0.0155803996350517,0.0102286254764358,0.0225406822033055,0.0085223426045167,0.0092577654489521,0.0613886751316899
"218",0.0909490977006288,0.00920769338742165,0.19690111195976,0.286653679207901,0.0117625572195765,0.0226912860255105,0.0173525917141342,0.0196184357267381,0.0613175703041815,0.0391073720843802,0.00597529233132336,0.0419224435709959,0.0198663650895767,0.0255608210770248,0.151113682600846
"219",0.0679346239715545,0.00913285161798746,0.160794398382995,0.448371186243409,0.0123082402440641,0.0137351078154034,0.0134649183229845,0.0410263451591439,0.0318993629934816,0.0328695238075151,0.0331400663031669,0.0348538133255663,0.0314518191950442,0.018665840631441,0.0503519019862431
"220",0.0786485849601919,0.0127149428183103,0.0685847813931179,0.253677190159043,0.0238780581760042,0.0466854398113852,0.0472365707547372,0.0237123812527791,0.0797138471321419,0.0644176978205384,0.0144566228779671,0.0887853210405936,0.0415882261573195,0.0363343121550515,0.119566023490819
"221",0.139593381235453,0.010285072352811,0.0858528560300416,0.363554170072147,0.0183569003483611,0.0126921671947121,0.0217716687756619,0.0271450820626567,0.0465468388766327,0.0235818196347122,0.0163450888357628,0.0986119725007325,0.0310740302316199,0.0591258796157439,0.0454630722329522
"222",0.153206161359454,0.0104744170216412,0.0718391129282998,0.491498505917937,0.00936948239536517,0.00990216760543356,0.015973537008348,0.0113785828242782,0.0222058906428863,0.0515559977491272,0.00640101443050404,0.0293686694269902,0.053536485208318,0.0210403615273379,0.0422496139540801
"223",0.0827971497172614,0.00496245665183105,0.15874666798661,0.319770686878287,0.00442883560028157,0.00648840722441394,0.0107593368916102,0.0177960587416024,0.294893692446915,0.0213812416598912,0.006228460800026,0.0117141171091247,0.0186452216389074,0.0125997782916244,0.0287878883616145
"224",0.148366436123554,0.00491767673067045,0.111504849635866,0.401050800687629,0.00727208794190843,0.0160395331690177,0.0122581728373024,0.0281596028148094,0.149970222004848,0.0208287818826402,0.00412656671873334,0.011592095342312,0.0354768915749651,0.0159045332807719,0.0325317492549712
"225",0.115513480585824,0.00544940867108467,0.0860980747481285,0.593561056775596,0.00733471142776343,0.0193495132425885,0.0150149948009664,0.00777915053137486,0.0704524139204382,0.00923670553600305,0.00930412703273886,0.011910203232134,0.00544111265152108,0.0102395591367606,0.0333154877070782
"226",0.140320557579326,0.00497491880169589,0.118662075726236,0.412369576039075,0.00775698546937079,0.00972583432256177,0.0129650005309328,0.0109750117092945,0.164467377859561,0.0191748570924876,0.0161761478798993,0.0207351083545853,0.0104291345440934,0.017209448912877,0.0340579651780041
"227",0.0718267139074528,0.011888394166703,0.184436562924912,0.351127621450896,0.0137419364872936,0.0251933074418188,0.0225140705129719,0.0251697454325714,0.0399584896040349,0.0284285064822292,0.0177629111592882,0.0462809283391958,0.0306466108187009,0.0311451515133718,0.0998790497585597
"228",0.0297092631015067,0.0253088750693635,0.157708700147565,0.37778702219809,0.0290627439078495,0.0300656597346239,0.0471161083673645,0.0292014484384493,0.0359594847419231,0.0301422991087969,0.0242375857459606,0.0323684941442713,0.0483402211119722,0.027218229302671,0.0757738648795932
"229",0.184153034171684,0.011997328795171,0.100953588589941,0.44511471545336,0.0371335444445283,0.0220609374748018,0.0164469197132205,0.0124961310030897,0.0416717000804774,0.0116852574808538,0.0140312738441011,0.024001262435846,0.0123196568554358,0.0334833499202899,0.0324512997372001
"230",0.0992356311721663,0.0175027178541276,0.0903598638610779,0.475533915968561,0.0244633842121953,0.0244014599992599,0.0203915742884319,0.0299160336827813,0.0238006752228371,0.0368494203420409,0.0156779372366668,0.0476931530765488,0.013863893546301,0.0236403673359555,0.056669972201049
"231",0.147626807659911,0.0108964175228446,0.126736982533998,0.339482149610686,0.0127584674255612,0.0197687232250749,0.0219086774336712,0.0538568014411855,0.0374033017626248,0.0304932696693294,0.0162111559798463,0.0325069689638979,0.0355530364272781,0.0238398895371509,0.0909573508069404
"232",0.068595335287548,0.0187386769130693,0.110943139855637,0.497830364165119,0.023179427021334,0.013298485965159,0.0146147985414539,0.0146775327350419,0.0368983072417879,0.0442806259763313,0.0197801373917369,0.0327211030082786,0.0249189092575169,0.015315490518387,0.0642076661215998
"233",0.0891008403861645,0.0154406391039916,0.117303053697116,0.510014337295172,0.012367640943646,0.0148163486176431,0.0127713158333484,0.0127828243065676,0.0279104523420288,0.0232773041151911,0.015368627946753,0.0524655463377207,0.0103456753799127,0.0154525098424104,0.070582883852334
"234",0.100930246683275,0.00757962283906677,0.139469859855547,0.523702581956711,0.00949161152613212,0.0111816942454175,0.0192681787340473,0.0157769571680125,0.0312849927778433,0.02042997225173,0.0274358723453071,0.0214046864375132,0.0126519367055305,0.0166615333454949,0.0427302531283717
"235",0.0654959082644404,0.020673242495491,0.144118478789132,0.495259139517389,0.0206452558506713,0.0150993625965667,0.0182493772256345,0.0136570661020867,0.0401490350397105,0.0179966462088842,0.0226097618247107,0.0360805671606983,0.0140915475333573,0.0304384968886101,0.0454361145026178
"236",0.0523201353172237,0.0282829441859861,0.156614154328355,0.475019933899022,0.0181165044588273,0.0181634755218564,0.0227806176949889,0.0165679344392212,0.0163480449230909,0.0208645370951285,0.0259422719554526,0.0237666266496353,0.0157011203248267,0.0211293156373623,0.0883823835690226
"237",0.0886876323829129,0.0135564341423252,0.0812034977551987,0.472393221874965,0.0128590368512507,0.0145540378227547,0.0221718836462233,0.0257182264231545,0.0342083976937151,0.026658021023664,0.0145526623865685,0.0635254227449415,0.02729856610069,0.0255266216115627,0.0770863375400738
"238",0.064884182836059,0.00938218558446105,0.0907221942811627,0.423456446638964,0.0121127863203272,0.0176224631551979,0.0209669960532084,0.0290950456538279,0.0280252989914697,0.0628188381004398,0.0163896900563383,0.0457787233380348,0.0114317233668999,0.033523834361825,0.133789591261784
"239",0.312199202081954,0.0133418511130467,0.172815773969482,0.137797965692521,0.0252761788222331,0.0243166343983358,0.0602618084451944,0.0316482750295361,0.0368343734510087,0.0570339343439792,0.00795456890483759,0.0289703327133445,0.0105219314715308,0.0313384883373325,0.0496886812256641
"240",0.370004011669242,0.0110224599686741,0.191268527620743,0.113862662775874,0.0282875705369175,0.046117781833502,0.0208611588233174,0.0144121896587151,0.0553185232683303,0.0251811402977507,0.0196076731577607,0.0198253326767392,0.0119969293832243,0.0229767439744258,0.0492572943547833
"241",0.149436328674525,0.0242504262524557,0.0702915438292518,0.302582401724557,0.0301125519934568,0.0412499927589255,0.0131101703850099,0.0196477294220367,0.0209604351150677,0.0142125040457308,0.0252214988537164,0.0248930882823515,0.0161008406289144,0.0170158422158723,0.230914645818129
"242",0.116593669050274,0.011627488837954,0.196693349601912,0.371953977242783,0.0209580197634665,0.0332935817857212,0.0155394789190295,0.0181734003501176,0.0210767222845597,0.0204755652336568,0.0228095488820196,0.022033775489527,0.00964090689520411,0.014083815925735,0.105046699738039
"243",0.165223546313468,0.024811192690141,0.18011639259251,0.348640307143949,0.0243606916561377,0.0570846045816854,0.0135655533800105,0.0154846497237048,0.0345900951536547,0.0145731715584005,0.0216911576804961,0.0255533524135094,0.00899867526382903,0.0149743638087,0.0503322460398045
"244",0.186721816758877,0.00741044070255873,0.111003130265655,0.529126736125802,0.00927307086188939,0.0122581312965417,0.0176901664592359,0.0164397900912495,0.0298623052030762,0.00721685957083879,0.0146197797651587,0.00823256191879108,0.00965771542639692,0.0144872001034697,0.026000295450459
"245",0.369255578265073,0.0107152512709269,0.136592516164952,0.271317658349259,0.014843779298787,0.0262020512112579,0.00885575559747222,0.0167010886387134,0.0227831843893643,0.0142162745931482,0.0198448656206593,0.0144703205976217,0.00974121838572233,0.0135551258915833,0.0509053317254597
"246",0.318283129887101,0.00854137715141021,0.13311343549167,0.205719162337046,0.0109026042110383,0.0125968175651878,0.0154465540580041,0.0387591140989744,0.0265997985325836,0.0216435873553353,0.0290314432583118,0.0190632536247905,0.0298395603771961,0.0147710623015068,0.115689099749844
"247",0.0796345037906113,0.0116140978293921,0.124631747955013,0.213836515114289,0.0268766751088224,0.0343457433563491,0.0394109133056143,0.0493534554188822,0.0802506774082028,0.043260257451102,0.0233093196046613,0.0603840327871805,0.0349509152149523,0.0665809991061863,0.111560146548742
"248",0.0528375557023698,0.0345683791331898,0.18932108066347,0.25675711316516,0.0354520579497015,0.0376600206203818,0.049255621153442,0.0433394000882231,0.0338025404640971,0.0534594699540379,0.0379087486591463,0.0393651253200481,0.0352807920692552,0.0298959914005549,0.0710961036569223
"249",0.101574161347898,0.0156829594459088,0.197915051088511,0.341101900094433,0.0198655867430404,0.0237720732084007,0.0226213170010979,0.0226750490395027,0.0272068029129678,0.0400168054227388,0.0146659273219268,0.0796709242026949,0.0127653906203618,0.0262155005761051,0.0542505509744118
"250",0.115187422416665,0.00800065180902597,0.223140713958613,0.305814541464961,0.0159030224090274,0.0344366244916375,0.0207548240192174,0.0264943754834963,0.0421497105134625,0.0330695173700003,0.0260505190885275,0.0261553077588071,0.0197215349016355,0.0172657766670652,0.0858554576478584
"251",0.154162617879936,0.0144948713573013,0.152729297486649,0.173138842696915,0.0200839550215546,0.0260412747385334,0.0460725326917116,0.0500837305218015,0.0799582939858577,0.0403953409320821,0.0506955826589343,0.0608361752377726,0.013237326566264,0.0789798280206697,0.0390903302040177
"252",0.191187752037273,0.0129128306432511,0.199248999350443,0.291161125619657,0.0187181120147205,0.0225880123232287,0.0520758267006173,0.0165669486978131,0.0613761721372458,0.0144913790457964,0.0132316317140938,0.0213189787292106,0.0161718908278586,0.0166824936172177,0.0522678465415735
"253",0.0812984321102881,0.0132355358623689,0.0861796341190983,0.561709416334892,0.0150931353233036,0.00847610191257925,0.0289429206415444,0.0148887840486495,0.0472224711828684,0.0226748326868698,0.0102926911542921,0.027102577001824,0.0306386806619333,0.0151059381666014,0.0371388487928867
"254",0.094407943279786,0.0124800247161247,0.113676827602748,0.44531242819592,0.0148028546749114,0.0284763416562162,0.017673503891946,0.0261560857735074,0.0564855308170659,0.0218832889655485,0.00949527523223659,0.0355476920544555,0.0345946097352593,0.0244145412039489,0.0645930522003258
"255",0.0663550022861351,0.00983776735021257,0.132295392808789,0.430812675177331,0.0132403504663804,0.0223678413108953,0.0148109265357029,0.0272260432955438,0.0409571355970171,0.0361273715981664,0.0121273522374285,0.0523596121396827,0.0304604375738856,0.0232891058557836,0.0877329857670466
"256",0.0294745690131607,0.00818528165655435,0.172567481408677,0.494223695695445,0.0146797377900061,0.0349084524911785,0.0118238356577576,0.0153214174412706,0.0401553589514693,0.018603604867265,0.0337735024949524,0.0267027576835007,0.0112743568021052,0.0251351512908698,0.0631707967557874
"257",0.153809051538816,0.0106480461078803,0.142434110374518,0.380315180489426,0.0113941372249933,0.0352315585665472,0.00857507644285639,0.0091184731904353,0.143348801843019,0.00898143710926729,0.00439968221164,0.0201258501599467,0.0062903916406331,0.0107837377038493,0.0545444653961729
"258",0.133532480037142,0.00542536854865786,0.11237855649973,0.526810269140851,0.0165157871890456,0.0247674413823901,0.0143869666535868,0.0180446362130261,0.0542185138220212,0.0106364976492356,0.00585655604125405,0.0180200369808687,0.0141871005864854,0.014661877498353,0.0305579117573523
"259",0.184257012110715,0.00748678166897378,0.14488503127099,0.45308538305028,0.0155462680971458,0.0229622815123582,0.0105511219300611,0.0259770178339343,0.030959761753607,0.0131845549868775,0.0104166120166553,0.0123775756518554,0.0102317226546259,0.0110460403084835,0.0470328351534368
"260",0.127666327167197,0.00667344167112081,0.18276032585206,0.504452880722449,0.0102793487071114,0.01230370750108,0.0134605886208371,0.0104423567385207,0.0274760886852533,0.0149134051566179,0.00530778545122865,0.0203312920316853,0.0159001097361447,0.015230997117315,0.0328013448413799
"261",0.104050797991489,0.0177027220500487,0.252856455646202,0.150661145162817,0.025834247436199,0.0307951378721057,0.0263907633150716,0.0437828799737822,0.0484508333607555,0.0438469360568966,0.0165787955941942,0.0712197758149362,0.0204464539353376,0.0614401400393893,0.0859429157507759
"262",0.182934896985813,0.00930396341506395,0.272110561236171,0.213049024697299,0.013491455485487,0.0289242646147843,0.0182557349466769,0.0136176741216985,0.0631255677863501,0.0318289194139068,0.0127794292108842,0.0486357919624808,0.0097590586641261,0.0342890814578746,0.0478945760013836
"263",0.148430623996863,0.00689213269244064,0.0639988040465355,0.591195697467542,0.00839195566491967,0.0112213459799929,0.0133426834705554,0.0133610807386436,0.014276501228324,0.0182496533795059,0.0144262810034285,0.0342318645573584,0.00773551086043236,0.0140941850002044,0.040151679913254
"264",0.078732521216289,0.00858083842093224,0.11229922274484,0.45204320896394,0.0108167057890671,0.0157894898657612,0.0254470429348078,0.0130001272756471,0.0402282618921457,0.0430766720801455,0.0301817962166932,0.0281022295184123,0.0432219509149134,0.0429954279562493,0.0554845042101568
"265",0.151647316555912,0.0157157468643269,0.112228711767649,0.348917512143201,0.0200584097994796,0.0449180359819119,0.014631413110064,0.0189253316944576,0.127606621382499,0.0135713093945587,0.0197155931773646,0.0284756752574204,0.0127574850184559,0.0141031771854591,0.0567276606672414
"266",0.140555301486761,0.00733575243189882,0.0683593187427393,0.292187895957781,0.012775492370045,0.0573273863788332,0.013891476808829,0.0107000570376198,0.245263108375111,0.0145402009733614,0.0061875209877766,0.0165055139924426,0.0334364197243913,0.0155686216855899,0.0653659330468198
"267",0.14386403722372,0.0100941449042867,0.156597516162919,0.468148122356131,0.0155099436246305,0.0276952860808938,0.0154906687094076,0.0087356159825888,0.0292213031818433,0.0110086989042747,0.0102066891828987,0.0211829321538548,0.0191904016976639,0.0141061069102704,0.0489485329246176
"268",0.144446631575293,0.0147249197376964,0.0486348124460026,0.533986397509745,0.0152970078102288,0.0358396731024237,0.0185545935684687,0.00869382215245875,0.0248593620121358,0.0118518445349962,0.0149456072758725,0.0271188765565576,0.0220525811613997,0.015549637392658,0.0634442331640636
"269",0.154889452116608,0.0150595143602912,0.119971983478957,0.311961798071572,0.0184103969033038,0.0225032943510796,0.0408890915980908,0.0408438903151754,0.0453948405444645,0.0302947953011258,0.020864869854694,0.0372153808360677,0.0257074771041671,0.0263724928955815,0.0896207222688206
"270",0.0638569137918548,0.015266288174936,0.172622228884951,0.422455215237582,0.0153475323398689,0.0126397445040612,0.0310933885777218,0.0298292662566638,0.0441701179241226,0.018144612249896,0.0125221321618923,0.0418364626271004,0.022235026273271,0.0325538699968279,0.0654272009992506
"271",0.269417505287959,0.0132043706145528,0.156997814309606,0.283609793318414,0.023805155052559,0.0332199453389379,0.0103522299074805,0.0100809477600342,0.0381173965676331,0.0107016091707342,0.0246966558190646,0.0374134758475144,0.0126034386283109,0.0211793799183754,0.0546002824588238
"272",0.159467469095578,0.0140930397776491,0.136288991835181,0.391864575077857,0.0208293456547733,0.0202813664639099,0.0218580403622823,0.0166643084233665,0.0510328915081937,0.0242314754691284,0.0138541917234051,0.0319874756968493,0.0128648399825345,0.0298767336037256,0.0548052553255673
"273",0.144958656939677,0.0282284770418647,0.0642791886448284,0.471383641966609,0.0242965938833648,0.0211913500492172,0.0243549774258272,0.0234196100548336,0.0313221251259231,0.0240894116046024,0.0153226691097293,0.0272223470561074,0.0188290061217635,0.0254866286614426,0.0556153163142102
"274",0.130875045605592,0.0236790114445239,0.16206640626629,0.232678706818332,0.0276601724434119,0.0277775544355914,0.0266023587449147,0.0272249454483766,0.0356081728236261,0.0347911513691181,0.0463934737141645,0.047044349114715,0.0175063286250649,0.0268703016254199,0.133222021520859
"275",0.117960160985722,0.00912070079049467,0.182953714045569,0.475898071922005,0.0167641836561736,0.00921347487525659,0.00778843353398346,0.0265107581596696,0.0110339720446842,0.0228223565633749,0.00540867255111488,0.0529717835953553,0.0104850004575436,0.0197873391907741,0.0312813776282793
"276",0.112070622210938,0.011577511152782,0.127601942054738,0.462242451697614,0.00835389513184612,0.00764527475154446,0.0284927880706763,0.0147302983241923,0.0290507551149803,0.0299717190936428,0.00938009430702593,0.0731683576624876,0.0180232689679111,0.0233770547625565,0.0443139666970642
"277",0.0939568437508861,0.00528855105101515,0.14564344956401,0.536309328462713,0.00920168797170431,0.0231975035625492,0.0121776200832721,0.00913554252873842,0.0473723334628914,0.0166625513960317,0.00472998210780861,0.0153000810965572,0.0428437059486954,0.0113362272488859,0.0268445917642409
"278",0.120835731906724,0.00594025841926905,0.127247367021109,0.568412718979954,0.00709464689518603,0.011203203253106,0.00990435092247595,0.00663309435404554,0.0283326522824122,0.0107781601923341,0.0171402106841834,0.0231436957983149,0.0157495802240572,0.0108737153100534,0.0367106137567748
"279",0.173739784374794,0.00330270651327859,0.0130674819326113,0.752261593285021,0.00686788121606181,0.0131824221757638,0.00141245876116338,0.00534090542845404,0.00762659788364106,0.00400735670713477,0.00227112541335258,0.00411178088980297,0.00185969299051964,0.00229937152438696,0.00864884090401326
"280",0.178652325531303,0.00298180510662926,0.0330727772214941,0.727684969357612,0.00710270761327175,0.0156069755572724,0.00191680097514527,0.00354853721768064,0.0068743756497528,0.00275172528863324,0.00169663827170028,0.00403458922154968,0.00165150120414487,0.00340159012111957,0.00902268166269118
"281",0.0248184662077577,0.0109086572667549,0.178127164255091,0.503002560175238,0.0148045503306904,0.0214710260142378,0.00928152742308167,0.0195186488524162,0.0137441382802904,0.051945821232111,0.0136561651115353,0.0210489175989751,0.0101430716565915,0.0106672170359088,0.0968620685593203
"282",0.035005411375978,0.01257275025529,0.203953609362561,0.316086706515683,0.00917422045918159,0.0108773408814889,0.0157639283574231,0.0168405018902338,0.038712711831955,0.0374759760741502,0.0123435139051506,0.0481370649623542,0.0124325157245799,0.0115962678267726,0.219027480577198
